"æ¤œè¨¼ç¬¬3å¼¾ã€Œæ—§çµ±ä¸€æ•™ä¼šã¨æ”¿æ²»ã€æ•™å›£æ‹¡å¤§ã®èƒŒæ™¯ã¯ï¼Ÿã€#å ±é“ç‰¹é›†ã€‘ | TBS NEWS DIG (1ãƒšãƒ¼ã‚¸)

#æ—§çµ±ä¸€æ•™ä¼š https://t.co/5HPeM3ArTV",2022-08-14T15:35:43+00:00,"['å ±é“ç‰¹é›†', 'æ—§çµ±ä¸€æ•™ä¼š']",0,0,0,0,,Twitter for iPhone,V3Zsb,,,
@harryhaven4 @CoinMarketCap Wow  is the great news and excited for this,2022-08-14T15:35:43+00:00,None,0,0,0,0,,Twitter for Android,SourovKabir2,,,
@DivineSoulBlend I always hate to have to be the bearer of news in regards to her to any trans/nonbinary people that have appreciated her videos.,2022-08-14T15:35:43+00:00,None,0,0,0,0,,Twitter Web App,RamonaQuaxli,,,
@F44S44 @News_Ejazah Ø§Ù…ÙŠÙ† ÙˆÙŠØ§Ùƒ Ø§Ø®ÙˆÙŠ â™¥ï¸,2022-08-14T15:35:43+00:00,None,0,0,0,0,,Twitter for iPhone,Al____i9,,,
"The very obnoxious frequent guest on various FOX news programs. She is rude , continuously interrupts other guests and constantly spews Democrat liberal talking points. A total waste of airtime.
@FoxNews https://t.co/qATeB1qLuw",2022-08-14T15:35:43+00:00,None,19,1,2,8,,Twitter Web App,genuke1,,,
"@CBSNews now means Corrupt Bull Shit News, @NBCNews Never Believe Communicated News, @ABC Alter Belief Channel News, @CNN Communist Nurturing Network Newsâ€¦. I donâ€™t know who is protecting the freedom of speech and telling the truth! Who can you trust nowadays?",2022-08-14T15:35:42+00:00,None,1,0,0,0,,Twitter for iPhone,tomsheffield8,,,
@ghana_tf @in0t7 @News_Ejazah ØµØ§Ø¯Ù‚Ù‡ ğŸ¤£ğŸ¤£ğŸ¤£ğŸ¤£,2022-08-14T15:35:41+00:00,None,0,0,0,0,,Twitter for Android,nwrhaydaldwsry1,,,
@GodblessRohit I think it's not bad if someone puting content about death of some famous personality. It's like media companies blogging/printing/streaming news of someone's death.,2022-08-14T15:35:41+00:00,None,1,0,0,0,,Twitter for Android,thesksamim,,,
"@creat_news @pppenaloza Hermano, se quedÃ³ corto: los hospitales sin prestar la mÃ­nima atenciÃ³n, pacientes en el piso,  las carreteras con la matraca es su divisa, las escuela cayÃ©ndose a pedazos, la inflaciÃ³n echando cohetes y la hambuna haciendo estragos... https://t.co/4uXWZxQiq0",2022-08-14T15:35:41+00:00,None,0,0,0,0,,Twitter for Android,creat_news,,,"En mÃ¡s noticias del EspectÃ¡culo, ya tienen fecha de regreso al paÃ­s Juanes, Fito PÃ¡ez y Olga TaÃ±Ã³n.

Sin embargo, aÃºn no confirman cuÃ¡ndo volverÃ¡ el trÃ­o Luz, Agua y Gas, mientras Gasolina sigue con sus presentaciones Ã­ntimas para pÃºblico VIP..."
@ItsMutai We have some good news for you. Here it is. WSR is the good news for you. https://t.co/CQcoCerQhd,2022-08-14T15:35:41+00:00,None,0,0,0,0,,Twitter for Android,jona254k,,,
@cyberkeir Which news service are you reporting for? BBC? ITV? Sky?,2022-08-14T15:35:40+00:00,None,0,0,0,0,,Twitter Web App,oliverdowden1,,,
Good news #BeagleGate #EndAnimalTesting https://t.co/74yIpwt6TS,2022-08-14T15:35:40+00:00,"['BeagleGate', 'EndAnimalTesting']",0,0,0,0,,Twitter for iPhone,DogCrusader,,,"Thank you @GayRepublicSwag for getting the word out. Itâ€™s working!

WCW 1st exposed #BeagleGate &amp; just stopped #Fauciâ€™s white coats from wasting $1.8M on #beagle puppy experiments. But thereâ€™s more to âœ‚ï¸.

Stop the MONEY. Stop the MADNESS! ğŸ¥¼ğŸ—‘ https://t.co/EJd8kCJfvx"
@ImJasonH admittedly after my discovery of $HTGC (who underwrite venture debt for some of the largest VC firms) my opinion on hacker news might change slightly ğŸ™ƒ,2022-08-14T15:35:40+00:00,None,0,0,0,0,,Twitter for iPhone,ariadneconill,,,
"NEWSã®åŒ—æµ·é“ã‚ã¡ã‚ƒãã¡ã‚ƒä½™ã£ã¦ã‚‹ã‚“ã‹â€¦
ä¸€èˆ¬ã‚‚11ç™ºå£²ã ã£ãŸã®ã«ã¾ã ã‚ã‚‹ã—ğŸ˜‚",2022-08-14T15:35:40+00:00,None,0,0,0,0,,Twitter for iPhone,arisuke_djt,,,
News : all hope lost as writhing mass of flesh and dough engulfs whole city!,2022-08-14T15:35:40+00:00,None,0,0,0,0,,twittbot.net,cookie_c_bot,,,
"""Let's see what the wizard has to say""
      - Fox News, apparently
https://t.co/WWEtd1aOSJ https://t.co/nQworNQUeR",2022-08-14T15:35:40+00:00,None,0,0,0,0,,Twitter Web App,Werwolfram,,,Patel: He can literally stand over a set documents and say these are now declassified https://t.co/uuqjvmX6xd
"""Chiediamo misericordia e pietÃ  per il popolo ucraino martoriato"". Lo ha detto papa Francesco al termine dell'Angelus.

#PapaFrancisco #papa #news #VaticanNews #Ucrania https://t.co/mfESKFEucF",2022-08-14T15:35:40+00:00,"['PapaFrancisco', 'papa', 'news', 'VaticanNews', 'Ucrania']",0,0,0,0,,Twitter for iPhone,NewsTV_0,,,
@RohitTikmany @shreyas @GergelyOrosz yeah subscribed but seems more like news/amplifier to me. still see your point,2022-08-14T15:35:40+00:00,None,0,0,0,0,,Twitter for Android,multisighuman,,,
"Chelsea vs Tottenham live stream, TV channel, Start time and team news for the Premier League match online.
Chelsea vs Spurs Live
Streams Link: https://t.co/QysVDEnPSj https://t.co/Q6C59tJpfH",2022-08-14T15:35:39+00:00,None,0,0,0,0,,Twitter Web App,ZeetAli3,,,
"@FNN_News ã‚³ã‚¤ãƒ„ã‚‰éŸ“å›½çµ¡ã¿ã«ã¯ã©ã“ã§ã‚‚é¦–çªã£è¾¼ã‚“ã§ãã†ã€‚
æš—èºã—ã¦ã‚‹ã‹ã‚‰è¡¨æ²™æ±°ã«ãªã£ã¦ãªã„ã ã‘ã§é•·å´ã£ã¦ä»–ã«ã‚‚éŸ“å›½ã«æ¯’ã•ã‚Œã¦ã‚‹ã¨æ€ã†ã€‚ã“ã‚“ãªã®ã‚‚è¨±ã—ã¦ã—ã¾ã†è‡ªæ²»ä½“ã£ã¦ãƒ¤ãƒã„ã§ã€‚ã—ã‹ã‚‚å›½ã‚‚æ”¾ç½®ã—ã¦ã‚‹ã—ã€‚å›½ã¯ã€ã¾ãã‚¢ãƒ¬ãªã‚“ã§ã“ã‚ŒãŒé€šå¸¸é‹è»¢ãªã‚“ã‚„ã‚ã†ã‘ã©ã€‚
https://t.co/hIHt81QhTq",2022-08-14T15:35:39+00:00,None,0,0,0,0,,Twitter for iPhone,lkOnGkElQmug2tn,,,
"News Alert : à¬°à¬¾à¬œà­à­Ÿà¬°à­‡ à¬†à¬¸à¬¨à­à¬¤à¬¾ à­§à­¬à¬°à­ à­©à­¦ à¬¯à¬¾à¬à¬ à¬¸à­à­±à¬¤à¬¨à­à¬¤à­à¬° à¬¹à­‡à¬²à¬®à­‡à¬Ÿ à¬šà­‡à¬•à¬¿à¬‚ à¬…à¬­à¬¿à¬¯à¬¾à¬¨, à¬¸à¬¾à¬¬à¬§à¬¾à¬¨! à¬¹à­‡à¬²à¬®à­‡à¬Ÿ à¬¨à¬¥à¬¿à¬²à­‡ à­© à¬®à¬¾à¬¸ à¬²à¬¾à¬‡à¬¸à­‡à¬¨à­à¬¸ à¬¬à¬¾à¬¤à¬¿à¬² à¬¸à¬¹ à¬¹à¬œà¬¾à¬°à­‡ à¬Ÿà¬™à­à¬•à¬¾ à¬«à¬¾à¬‡à¬¨à­ #ONL
#Odisha #helmet #Fine https://t.co/pYhA7EUv10",2022-08-14T15:35:39+00:00,"['ONL', 'Odisha', 'helmet', 'Fine']",1,1,0,0,,Twitter for Android,OdishaNews_Live,,,
"#CHETOT

Chelsea vs. Tottenham live stream: Premier League TV channel, how to watch online, start time, news, odds

ğŸ”—Live LINKğŸ‘‰ https://t.co/97KvaHfvmQ

ğŸ¥LIVE LINKğŸ‘‰ https://t.co/97KvaHfvmQ

Tottenham vs Chelsea Live | Updates 2022
ğŸ”´ğŸ…»ğŸ…¸ğŸ†…ğŸ…´á´´á´°

sawrwqr",2022-08-14T15:35:38+00:00,['CHETOT'],0,0,0,0,,Twitter Web App,FootballLiveS18,,,
"According to CDM corporal Soe Lin Aung, in the army, juntas fabricated their subordinates the false news that CDF soldiers were killed by PDF.  #2022Aug14Coup #HelpMyanmarIDPs #WhatsHappeningInMyanmar https://t.co/Nd0aNY1gIf",2022-08-14T15:35:38+00:00,"['2022Aug14Coup', 'HelpMyanmarIDPs', 'WhatsHappeningInMyanmar']",1,0,0,0,,Twitter for Android,Pinky171020,,,
"@ColdFish_14 @neverhaveiever Yes this is Season 3 is its lastâ€¦Googleâ€™s news suggestions sent me to an article about why does Netflix cancel so many shows so fast, and this one was brought up. Netflix is on 2 ğŸ¤¬ lists hereâ€”my daughter loves this show too. :(",2022-08-14T15:35:38+00:00,None,1,0,2,0,,Twitter for iPhone,atlanta_amyish,,,
Well in other news guys if you play guilty gear dnf mortal kombat hell any fighting games join @FGCIsland discord and letâ€™s get it litty ğŸ˜ğŸ‘ğŸ¾ğŸ”¥ https://t.co/auLSMVeNoO,2022-08-14T15:35:38+00:00,None,4,0,0,3,,Twitter for iPhone,windmadnesss,,,
"â—½ï¸2022.08.15.(æœˆ)

ğŸ’›WS
â¤ï¸23:00~ news zero(ç”Ÿå‡ºæ¼”)
ğŸ’›24:54~ 24æ™‚é–“ãƒ†ãƒ¬ãƒ“ç›´å‰ï¼ä»Šå¹´ã®è¦‹ã©ã“ã‚å¤§å…¬é–‹SPï¼",2022-08-14T15:35:38+00:00,None,1,0,0,1,,Twitter Web App,Jan25th1982,,,
@FLS_News_1 @QuickswapDEX @MetaShooter_gg I did it mhunt but they are liars they give 1.20 USD dquick instead of 5.5 USD @0xPolygon,2022-08-14T15:35:38+00:00,None,0,0,0,0,,Twitter for Android,Away89349840,,,
"@Jouhmur @Falk0n66 @antiputler_news ĞšĞ°Ğº Ğ±ÑƒĞ´Ñ‚Ğ¾ ĞºĞ¾Ğ¼Ñƒ Ñ‚Ğ¾ Ğ² Ñ€Ğ¾ZZĞ¸Ğ¸ Ğ¸Ğ½Ñ‚ĞµÑ€ĞµÑĞ½Ğ¾ ĞºĞ°ĞºĞ¾Ğµ Ñ‚Ğ¾ Ğ¿Ñ€Ğ°Ğ²Ğ¾, Ğ¾ÑĞ¾Ğ±ĞµĞ½Ğ½Ğ¾ Ğ¼ĞµĞ¶Ğ´ÑƒĞ½Ğ°Ñ€Ğ¾Ğ´Ğ½Ğ¾Ğµ",2022-08-14T15:35:38+00:00,None,0,0,1,0,,Twitter for Android,Dainius23439184,,,
@BretBaier Bret the pudgy news reader actually thinks we think of him as a news man instead of the lackey he really is.,2022-08-14T15:35:37+00:00,None,0,0,0,0,,Twitter for iPhone,KamikazeJackso1,,,
what's going on with enha what's the good news people are talking abt ? did they address everything that's been going on im so confused /gen,2022-08-14T15:35:37+00:00,None,1,0,1,0,,Twitter for Android,tyuncaki,,,
"These COVID-19 Symptoms Are On The Rise, Check Reinfection Signs Now|India COVID-19 News https://t.co/rh6AqJ6jUg https://t.co/FckOvioDYj",2022-08-14T15:35:36+00:00,None,0,0,0,0,,COVID-19 Global Cases,COVID19LiveNow,,,
News updates https://t.co/9Sfz4DTsj9,2022-08-14T15:35:36+00:00,None,0,0,0,0,,Twitter for Android,FirstRps,,,"Draupadi Murmu Live: à¤¸à¥à¤µà¤¤à¤‚à¤¤à¥à¤°à¤¤à¤¾ à¤¦à¤¿à¤µà¤¸ à¤•à¥€ à¤ªà¥‚à¤°à¥à¤µ à¤¸à¤‚à¤§à¥à¤¯à¤¾ à¤ªà¤° à¤°à¤¾à¤·à¥à¤Ÿà¥à¤°à¤ªà¤¤à¤¿ à¤®à¥à¤°à¥à¤®à¥‚ à¤•à¤¾ à¤¸à¤‚à¤¬à¥‹à¤§à¤¨, à¤ªà¤¢à¤¼à¥‡à¤‚ à¤…à¤¹à¤® à¤¬à¤¾à¤¤à¥‡à¤‚
#DraupadiMurmu #PresidentofIndia #IndependenceDay
https://t.co/QNVc5Vsn2g"
@WorldofOutlaws Any news on PPM? Said an extra prayer for this young man. He has been through so much already in his young life.,2022-08-14T15:35:36+00:00,None,1,0,0,0,,Twitter for iPhone,WDWDVC2008,,,
"A Bigram Poem inspired by corpus_news:
 Professors Siddharth
 Siddharth Garg
 Garg and
 and Elza
 Elza Erkip
 Erkip have
 have been
   - CORPUS",2022-08-14T15:35:35+00:00,None,0,0,0,0,,Bigram Poetry,BigramPoetry,,,
"@uterinepride Cute! For me, the last time I had absolute faith in the News was when Walter Cronkite(""the most trusted man in America"") was the news anchor.
https://t.co/vCsA2GJ09q",2022-08-14T15:35:35+00:00,None,1,0,0,0,,Twitter Web App,AmerLiberal,,,
"#Tech News: â€˜I am, in fact, a personâ€™: can artificial intelligence ever be sentient? https://t.co/6TpOIMAYs4",2022-08-14T15:35:34+00:00,['Tech'],0,0,0,0,,IFTTT,TechAndComms,,,
No not the left - anyone who has any common Sense and knew the man - oh and thereâ€™s Maria - hope youâ€™re ready to pay a heft settlement to Dominian - you suckerâœŒï¸ğŸ˜ğŸ©ğŸ‡ºğŸ‡¦ğŸ‡ºğŸ‡¸âœ¡ï¸ so glad youâ€™re not on CNBC - a real business news station! https://t.co/1SeQn0OOuF,2022-08-14T15:35:34+00:00,None,0,0,0,0,,Twitter for iPhone,jody_folk,United States,US,"From the moment Donald Trump descended the escalator in 2015, the left has been deliberately organizing a crusade to tear him down. https://t.co/Gdme1Fd1FZ"
@jsolomonReports @RepMTG Just the news?ğŸ˜‚,2022-08-14T15:35:33+00:00,None,0,0,0,0,,Twitter Web App,JudyLaTorre6,,,
"Will Smith &amp; Jada Pinkett Surface Publicly, First Time Since Oscars Slap |Â News https://t.co/2XaFFO38uU",2022-08-14T15:35:33+00:00,None,0,0,0,0,,WordPress.com,ashleynthon,,,
@jamison_dove Gm. Great newsğŸ‘ğŸ‘,2022-08-14T15:35:33+00:00,None,0,0,0,0,,Twitter for Android,Nrsn_csr,,,
"Chelsea vs Tottenham live stream, TV channel, Start time and team news for the Premier League match online.
Chelsea vs Spurs Live
Streams Link: https://t.co/QysVDEnPSj https://t.co/mpW6s7ubpG",2022-08-14T15:35:33+00:00,None,0,0,0,0,,Twitter Web App,ZeetAli3,,,
When the government doesn't like the news it has it pulled. Truth dies and liberty follows.... https://t.co/mFXdAGd6Hv,2022-08-14T15:35:33+00:00,None,0,0,0,0,,Twitter for Android,JFarmer8762,,,
@ActuFoot_ @SkySportsNews ArrÃªtez  avec les fakes News vous rendez ouf,2022-08-14T15:35:32+00:00,None,0,0,0,0,,Twitter for iPhone,BeneScobarrr,,,
@HonKangata Na nyinyi mko na hallucinations iced with fake news sana;isn't this the one doing rounds in radio Africa?Chochaneni  kabisa!ğŸ¤£ğŸ¤£,2022-08-14T15:35:31+00:00,None,0,0,0,0,,Twitter for Android,chellubai,,,
@I_am_Steele @ggreene09 @marklevinshow Yeah and this says â€œeverything was plantedâ€ copy and paste that line in your article. Fake news,2022-08-14T15:35:31+00:00,None,0,0,1,0,,Twitter Web App,Scottn32827812,,,
"@GOP YOU CAN NOT BELIEVE REPUBLICANS OR FOX NEWS. THEIR RHETORIC &amp; THEORIES ARE WILD, SICK IN NATURE, INACCURATE, CRAZY &amp; PLAIN STUPID.
REPUBLICANS VOTERS NEED TO UNDERSTAND THEIR PARTY NO LONGER REPRESENT DEMOCRACY, THEY WANT AN AUTHORITARIAN GOVERNMENT WITH NO RIGHTS FOR YOU. SAD",2022-08-14T15:35:30+00:00,None,0,0,0,0,,Twitter for Android,Nancy16754199,,,
@rushiwowen22 Best way to learn english by watching english movies and reading english news papers.,2022-08-14T15:35:30+00:00,None,0,0,1,0,,Twitter for Android,Dr_UmairRasool,,,
damn just got a super sad news at this hour..,2022-08-14T15:35:30+00:00,None,0,0,0,0,,Twitter for iPhone,phoenixknightt,,,
Itâ€™s bad when you got some good news and wanna share it with people but they ass be secret haters. So you gotta keep it to yoself ğŸ«¡,2022-08-14T15:35:30+00:00,None,0,0,0,0,,Twitter for iPhone,AlmightyBmoney_,,,
@Sankei_news ä¸­å›½ã‚„éŸ“å›½ã®åå¿œãªã©ä¸€ã€…å ±é“ã—ãªãã¦ã„ã„ã‚ˆã€‚,2022-08-14T15:35:29+00:00,None,0,0,0,0,,Twitter Web App,iyocan21,,,
"If you wonder if they'll ever be caught, if the dual system of justice will ever end.....I have good news for you. https://t.co/sAztkr0j1Z",2022-08-14T15:35:29+00:00,None,0,0,0,0,,Twitter for iPhone,yiskahlife,,,
@JornalOGlobo Fale News... MÃ­dia de merda... Bolsonaro 22,2022-08-14T15:35:29+00:00,None,0,0,0,0,,Twitter for Android,Rodrigo55023852,,,
@charlotteukcity @BBCBreaking How shocking xx ğŸ¤ğŸ’ŸğŸ’œ,2022-08-14T15:35:28+00:00,None,0,0,0,0,,Twitter for iPhone,jenniferjayne77,,,
Shit man. News report said 3 killed and 1 in critical condition. I knew they died.,2022-08-14T15:35:28+00:00,None,0,0,0,0,,Twitter for iPhone,back2birdbih,,,
#Leeds United transfer news: Jesse Marsch wants another striker but willing to be patient https://t.co/xvuaYDyQCi,2022-08-14T15:35:27+00:00,['Leeds'],0,0,0,0,,Sgt Wilkos 1919,sgtwilkos1919,,,
Fox News must be held accountable for its significant role in trying to destroy American democracy and rilling up hatred in portions of a population easily brainwashed. #myopinion #BigLie #FoxNewsBreedsTerrorism,2022-08-14T15:35:27+00:00,"['myopinion', 'BigLie', 'FoxNewsBreedsTerrorism']",1,0,0,0,,Twitter for iPad,thesiansims,,,
"Your havin a fking laugh now, for fk sake.

BBC News - Saudi Aramco: Oil giant tops own record with $48.4bn quarterly profit
https://t.co/yc4YADXOnY",2022-08-14T15:35:27+00:00,None,1,0,1,2,,Twitter for Android,RagnarokMonk,,,
#Tech News: â€˜A sweatshop in the UKâ€™: how the cost of living crisis triggered walkouts at Amazon https://t.co/dBbIHYRdbt,2022-08-14T15:35:25+00:00,['Tech'],0,0,0,0,,IFTTT,TechAndComms,,,
"@sigsmithers @nytimes Yeah, the news is typically very biased, so I agree with that sentiment.  I don't attach myself to any political ideology, my only interest is figuring out the best (and correct) way to arrive at the most logical conclusion.",2022-08-14T15:35:24+00:00,None,1,0,1,0,,Twitter Web App,mcface3000,,,
"Russia-Ukraine war live news: Zelenskiy warns Russian troops in nuclear plant; Kherson bridges likely out of use
https://t.co/1gZI3E8hQXğŸ‘€ Eyes Wide Open/Putin intends to destroy Ukraine at any cost./Ukraineians, Russians, Europeans are pawns in this â™Ÿï¸ game/Cease ğŸ”¥ Fire",2022-08-14T15:35:23+00:00,None,0,0,0,1,,Twitter for Android,EnnisKing1,,,
@DearAuntCrabby That is the best news I've heard all day!  Please leave!,2022-08-14T15:35:23+00:00,None,0,0,0,0,,Twitter for Android,Charlie71802089,,,
"@NeePscambaiting @KassGlobal This should be breaking news in the US ğŸ¤·â€â™‚ï¸

@Breaking911 @JoeBiden",2022-08-14T15:35:23+00:00,None,1,0,0,0,,Twitter for iPhone,DatchetTrainMan,,,
@Smart_Crypto1 @SushiSwap @TheDaoMaker @polkastarter @PancakeSwap @paid_network @gnosisPM @AvalaunchApp @TrustSwap @SeedifyFund @BSCPad MISO is the one caught my attention. Reading this news is a privilege for me because of their details about raising a funds that more than a life value. It's incredible.,2022-08-14T15:35:23+00:00,None,0,0,0,0,,Twitter for Android,JuLi11i,,,
@PTI_News Jai Moi kyu nahi?ğŸ¤”,2022-08-14T15:35:22+00:00,None,6,0,1,0,,Twitter for Android,anushakunmittal,,,
"@SeanJoyceME @ReaganWorld @speltritesumx @dbongino @DonaldJTrumpJr Sure you don't know what I'm talking about, you liars ran with that fake news for weeks. Biggest liars in the world! https://t.co/xmwYHJChwE",2022-08-14T15:35:21+00:00,None,0,0,0,0,,Twitter Web App,ThePepe7474,,,
@MonitorFake @PontiMike @joncoopertweets @GOPChairwoman He apparently doesnâ€™t want to think for himself but is content with repeating the talking points provided to him from Fox News and other fake news outlets.,2022-08-14T15:35:20+00:00,None,1,0,0,0,,Twitter for iPhone,Michael01948046,,,
@UnitedStandMUFC @SkySportsNews Wharra fake news,2022-08-14T15:35:20+00:00,None,3,0,0,0,,Twitter for Android,alpha_solus,,,
"@zoo_bear @Pawankhera How is possible so called fact checkers zubair by opposing revolutionaries farm bill. So stop your propaganda.
Why you not fact checking this two fake news. If you no guts to speak against lies so don't spread your agenda. 2 crore le lo modi ko kuch mat bolo bikau bangladeshi https://t.co/61aEIGMQvo",2022-08-14T15:35:20+00:00,None,0,0,0,0,,Twitter for Android,liberandujivi,,,
"Chelsea vs Tottenham live stream, TV channel, Start time and team news for the Premier League match online.
Chelsea vs Spurs Live
Streams Link: https://t.co/QysVDEnPSj https://t.co/Nm9bPsgQhg",2022-08-14T15:35:20+00:00,None,0,0,0,0,,Twitter Web App,ZeetAli3,,,
@Brink_Thinker Congratulations Beautiful ğŸŒ¹What Wonderful News !!!,2022-08-14T15:35:19+00:00,None,0,0,0,0,,Twitter for iPhone,122644,United States,US,
@NumbZombieMom Great news â¤ï¸X,2022-08-14T15:35:18+00:00,None,0,0,0,0,,Twitter for Android,IreneDoherty6,,,
Iran backed Lebanese armed group Hezbollah denies involvement in stabbing attack on Salman Rushdie https://t.co/GGAJhjv7Fh : @TheNileshDesai #TheHinduPatrika #News,2022-08-14T15:35:18+00:00,"['TheHinduPatrika', 'News']",0,0,0,0,,TheHinduPatrika,thehindupatrika,,,
"I wish USA news would have guests on like him who know russia, and  journalists/researchers who track russian disinfo to explain stuff like â¬‡ï¸ &amp; such,to wider audience. It seems obvious what the lady is, but as whole, USA was and still is, really unprepared to handle RU disinfo. https://t.co/3NY6MGvhXB",2022-08-14T15:35:17+00:00,None,5,0,1,1,,Twitter Web App,UA_Yuliia,,,"You are a liar @TulsiGabbard. You lie for notoriety and self promotion. Worse yet, as an agent of Russian disinformation you promote Russian aggression and endanger America. You have picked a side. Your side is Russia and authoritarianism. https://t.co/0FjZ9uwZ43"
"Republicans are rallying around Trump following the FBI raid. Thatâ€™s good news for Biden. https://news.   The democrats want to control every aspect of your life! If it is not how they think, they will force you to change!! Can you say Communism!",2022-08-14T15:35:17+00:00,None,0,0,0,0,,Twitter Web App,whyme93795698,,,
@goleada_info @oscar8 Fale news,2022-08-14T15:35:16+00:00,None,0,0,0,0,,Twitter for Android,ballpenmonster,,,
@batdamixn Nunca foi dito por ninguÃ©m que o anime era todo canon sem nenhum filler kkkk vc que acredita em fake news pelo jeito.,2022-08-14T15:35:16+00:00,None,0,0,1,0,,Twitter for Android,BrandonFavero,,,
"@thoughtland GB news  busines model rely on viral social media posts,ğŸ‘†",2022-08-14T15:35:16+00:00,None,0,0,0,0,,Twitter Web App,scotlandsaysyes,,,
@antiputler_news How many fish did that get you?,2022-08-14T15:35:15+00:00,None,0,0,0,0,,Twitter for Android,RobertPRoehm,,,
"#News: NASA invites students to design a metal production pipeline on the Moon.

@NASA @NASAArtemis

Read more: https://t.co/2NOnGWHWUx

#LetsBrewIt #BrewIt #USA #UnitedStatesofAmerica #Washington #NASA #ArtemisProgramme #Moon #lunar https://t.co/afApp5ikhR",2022-08-14T15:35:15+00:00,"['News', 'LetsBrewIt', 'BrewIt', 'USA', 'UnitedStatesofAmerica', 'Washington', 'NASA', 'ArtemisProgramme', 'Moon', 'lunar']",0,0,0,0,,Twitter Web App,TheBrewAE,,,
"Chelsea vs Tottenham live stream, TV channel, Start time and team news for the Premier League match online.
Chelsea vs Spurs Live
Streams Link: https://t.co/QysVDEnPSj https://t.co/MzKS2EhjnI",2022-08-14T15:35:14+00:00,None,0,0,0,0,,Twitter Web App,ZeetAli3,,,
"@AnnaForFlorida @CharlieCrist Politician w/ limited power does not accomplish 1 specific request to curb 1 of most powerful lobbies in state. Newspaper ignores action she did take. Shocking news @ 11!

Seems a bit dramatic &amp; the only thing I see on the link is 1 personâ€™s pov. Need more info b4 I blame Fried.",2022-08-14T15:35:14+00:00,None,0,0,0,0,,Twitter for iPhone,Floc_er,,,
"@freemesuzy @DefSue3 the left has been pulling the strings, just not on themselves. Obama spied on us and fox news. but no did anything. IRS targeted the GOP and conservative groups. not one listened. Hillary was behind russian collusion and lost emails. plus a private server. no one listened. crooks",2022-08-14T15:35:14+00:00,None,0,0,0,0,,Twitter Web App,badstanta63,,,
"Jhunjhunwala will be remembered for his foresightedness, understanding of markets: Ratan Tata | IndiaÂ News https://t.co/ZUK1jr9yXu",2022-08-14T15:35:13+00:00,None,0,0,0,0,,WordPress.com,ActpNews,,,
"When we come back from our first break, weâ€™ll dig into the latest Browns news including injuries in training camp, moves that could still happen this offseason, and of course, the first preseason game of the year against the Jaguars. Donâ€™t miss it!",2022-08-14T15:35:13+00:00,None,1,0,0,0,,Twitter Web App,WZIPSports,,,
"@PTI_News if connected wrong number,then say â€œSorry Veereâ€",2022-08-14T15:35:13+00:00,None,0,0,0,0,,Twitter for iPhone,mdiftikar55,,,
@GodBlsUSA1st @8645downyougo Yourw? EQ? Yes it's very well known that Hannity and Tucker Carlson are opinion shows. I was looking for articles from the BBC and AP but there wasn't any in my search. They are the most neutral news outlets.,2022-08-14T15:35:13+00:00,None,0,0,1,0,,Twitter for Android,LarryB_73,,,
@Sierra_Crypto_ @CoinMarketCap Wow  is the great news and excited for this,2022-08-14T15:35:12+00:00,None,0,0,0,0,,Twitter for Android,SourovKabir2,,,
@JaybrdTV @CorpLvlNinja @pzaikis @DaddyAmeriiKK @JerrenT_ @SpringgyHD @sportsarefun4 @teenytinyjon @NICKMERCS @Twitch It does when you read heavily biased summaries on fox news websites or whatever targeted facebook demographic you get your news from. If you cannot even read basic medical journals and understand them you have no business telling people what science is true and false,2022-08-14T15:35:12+00:00,None,0,0,1,0,,Twitter Web App,Kevin54824477,,,
@Tattooed42 @BJR3_Boston @RepMTG CBS News ğŸ˜‚  The original fake news Commie rats.,2022-08-14T15:35:12+00:00,None,0,0,0,0,,Twitter Web App,JimBurg74859718,,,
"@CapehartJ Sheâ€™s done,she will lose the election and end up being a talking head on some second rate msm news channel, spewing lies just like sheâ€™s doing now!",2022-08-14T15:35:12+00:00,None,0,0,0,0,,Twitter for iPhone,DocHuckleberry6,,,
"@Sethalos @losinghopein @PrairieChick779 @self_govern4us Google it yourself, I donâ€™t work for you. There have been several high-profile cases covered by legitimate news organizations recently.",2022-08-14T15:35:12+00:00,None,1,0,1,0,,Twitter Web App,karamcnair,,,
How high can you jump on other planets? - MM News https://t.co/C9WZC7yfPD #urdunews #arynews #pakistani #pmln #urdu,2022-08-14T15:35:12+00:00,"['urdunews', 'arynews', 'pakistani', 'pmln', 'urdu']",0,0,0,0,,ContentStudio.io,NewsNetworkAll,,,
@Annapurna_Post Good news,2022-08-14T15:35:12+00:00,None,0,0,0,0,,Twitter for Android,Gangafedape88,,,
"Commandersâ€™ Jason Wright praises season ticket sales, defends Twitter jab
News Link: https://t.co/bZPXFp6VhT
#yourchoicenews #latestnews #news #currentnews #newspaper #newsupdate #dailynews #worldnews #newspapers #newsfeed #newsoftheday #localnews ...
https://t.co/bZPXFp6VhT",2022-08-14T15:35:12+00:00,"['yourchoicenews', 'latestnews', 'news', 'currentnews', 'newspaper', 'newsupdate', 'dailynews', 'worldnews', 'newspapers', 'newsfeed', 'newsoftheday', 'localnews']",0,0,0,0,,Twitter Web App,yourchoice_news,,,
"@xicosa ENTÃƒO NÃ‰, SE TIVESSE UM SINDICATO DOS JORNALISTAS FORTE, MUITOS DE VCS JA TERIAM OS REGISTROS CASSADOS, POIS SO MENTIRAS, FAKE NEWS, NAO MOSTRAM A VERDADE SO DESPIORA ETC... TOMEM VERGONHA NA CARA, PAREM DE ROSNAR E CHORAR, ESQUERDA FALIDA , DEIXE ELE EM PAZ
@jairbolsonaro 2026",2022-08-14T15:35:11+00:00,None,0,0,0,0,,Twitter Web App,_Fasmc,,,
"ã‚»ãƒ¼ãƒ«ã§è²·ã£ãŸæœã‚’ãã¦ã“ãƒ¼ã‹ãªãƒ¼
ãƒãƒ¼ã‚¹ãƒªãƒ¼ãƒ–ã§9æœˆã¯ç€ã‚Œãªã„ã—ï¼
NEWS.SHOCKã‹ã‚‰ã®ç­‹è‚‰ãªã®ã§ã‚ã£ã¨ã„ã†é–“ã«ã‘ã‚“ã¡ã‚ƒã‚“ã«ä¼šã„ã«è¡Œã‘ãã†",2022-08-14T15:35:11+00:00,None,0,0,0,0,,Twitter for iPhone,kenc78,,,
Can't believe this devastating news. I knew her from @whitestavern1 and she was the most friendliest person ever. Thoughts with her family and friends. Tributes paid to Belfast woman who 'lit up every room' https://t.co/j11WgEkg8x,2022-08-14T15:35:11+00:00,None,0,0,0,0,,Twitter for Android,salty1980,,,
@CharaAnastasaki ÎœÎµ Ï„Î± fake news Î¼Î±Î»Î»Î¿Î½ ÎµÏƒÏ… Î¸Î± Ï€Î±Ï‚ Î´Ï„Î± ÎºÎ±Î¶Î¬Î½Î¹Î±,2022-08-14T15:35:11+00:00,None,0,0,0,0,,Twitter for iPhone,lolwoman69,,,
"@edwards21228 @UnimpressedTX
I guess it depends upon:
* How you define ""election deniers""
* If this news article is ""true""

True journalism is dead - it's one big Editorial Page these days, so obviously I have my doubts.

But I have ZERO doubts about what happened in PA, MI, WI and AZ on Nov 3",2022-08-14T15:35:10+00:00,None,0,0,0,0,,Twitter Web App,Craig42Anderson,,,
"L&amp; T + Vodafone + ?
News updates https://t.co/NkjV7cNIwj",2022-08-14T15:35:10+00:00,None,0,0,0,0,,Twitter for Android,FirstRps,,,"à¤œà¤¾à¤¨à¤¿à¤ à¤•à¥Œà¤¨ à¤¸à¥€ 5 à¤¬à¥‡à¤¶à¤•à¥€à¤®à¤¤à¥€ à¤šà¥€à¤œà¥‡à¤‚ à¤šà¥à¤°à¤¾ à¤²à¥‡ à¤—à¤ à¤…à¤‚à¤—à¥à¤°à¥‡à¤œ ?

#ValuableThingsStolenByBritish  #IndependenceDay2022   #AzadiKaAmritMahotsava

https://t.co/AOht1kuK8i"
"@blakeflayton Is this your first go-around with anticolonial insurrection? It's ugly and brutal and tragic, news flash. By all means keep up the shredding apart of Palestinian civil society and expect them to just take it.",2022-08-14T15:35:10+00:00,None,0,0,1,0,,Twitter Web App,nessiebiscuits,,,
Funny how this story is no where to be scene on the @BBCNews web site we no bbc news are now ira sympathisers lest we no diff @duponline https://t.co/E5ZR4igcYR,2022-08-14T15:35:10+00:00,None,0,0,0,0,,Twitter for iPhone,david43ni,,,
"@VatsRishap fake news
https://t.co/7Gnd4qWj4C",2022-08-14T15:35:10+00:00,None,2,0,0,0,,Twitter for Android,keshavonli_,,,"The exclusive audio call of the father of Inder Meghwal and Chail Singh clearly suggests that there is no angle of the water pot. In the audio, nowhere father said that he was beaten for drinking water. The kid was slapped for making a disturbance in the School. Propaganda burst! https://t.co/TY1XBej8KU"
"Breaking News
Bomas of Kenya His Excellency https://t.co/RdMreUXssI",2022-08-14T15:35:10+00:00,None,6,0,0,2,,Twitter for Android,Africa__Kenya,,,
"Vietnam architecture news, contemporary Vietnamese architectural + property developments â€“ South East Asian built environment updates

https://t.co/WEVQctARMx

#Vietnam #VietnameseArchitecture #VietnameseArchitects",2022-08-14T15:35:09+00:00,"['Vietnam', 'VietnameseArchitecture', 'VietnameseArchitects']",2,0,0,1,,Hootsuite Inc.,e_architect,,,
@oman1_news ÙƒÙÙˆ,2022-08-14T15:35:09+00:00,None,2,0,0,0,,Twitter for Android,2_nada0,,,
Bernard publicou no story do seu Instagram que esteve negociando com o Corinthians e que tudo nÃ£o passa de uma FAKE NEWS!,2022-08-14T15:35:09+00:00,None,0,0,0,0,,Twitter for Android,vagner_reynan,,,
@PaulHal83159238 @RobertMaguire_ Like all the other crimes they said he did and were all fake news?  Just stop drinking the kool aid.  Think about the fact that the Justice department took privileged information from his home. Humâ€¦this could happen to any of us!  What about the rights we are suppose to have??,2022-08-14T15:35:09+00:00,None,0,0,0,0,,Twitter for iPhone,susankile63,,,
@thomaschattwill Amen. Sometimes we need to take a break from social media and round-the-clock news. Enjoy.,2022-08-14T15:35:08+00:00,None,1,0,0,0,,Twitter for iPhone,kellz_suzanne,,,
@Docmcfuckface @BBCBreaking You are already to execute someone who hasnâ€™t even been convicted. People like you vote Biden in the power and they politicize the FBI and DOJ. It is you who should take the Rosenberg chair.,2022-08-14T15:35:08+00:00,None,0,0,0,0,,Twitter for iPad,Denver4dog,,,
"Ø§Ù„ÙÙŠÙØ§ ÙŠØ¹Ù„Ù† ØªÙ‚Ø¯ÙŠÙ… Ù…ÙˆØ¹Ø¯ Ø§Ù†Ø·Ù„Ø§Ù‚ ÙƒØ£Ø³ Ø§Ù„Ø¹Ø§Ù„Ù… ÙÙŠ #Ù‚Ø·Ø±
#ÙƒÙ„ÙŠÙƒ_Ù†ÙŠÙˆØ²
#Ø£Ø®Ø¨Ø§Ø±_Ø³ÙˆØ±ÙŠØ©
#Click_News
 https://t.co/6JMqFzZJXc",2022-08-14T15:35:07+00:00,"['Ù‚Ø·Ø±', 'ÙƒÙ„ÙŠÙƒ_Ù†ÙŠÙˆØ²', 'Ø£Ø®Ø¨Ø§Ø±_Ø³ÙˆØ±ÙŠØ©', 'Click_News']",0,0,0,0,,Twitter Web App,Click_Syria,,,
"According to CDM corporal Soe Lin Aung, in the army, juntas fabricated their subordinates the false news that CDF soldiers were killed by PDF.

#2022Aug14Coup #HelpMyanmarIDPs #WhatsHappeningInMyanmar https://t.co/HT8eMUqUBp https://t.co/mgjLXVtrHz",2022-08-14T15:35:06+00:00,"['2022Aug14Coup', 'HelpMyanmarIDPs', 'WhatsHappeningInMyanmar']",0,0,0,0,,Twitter for Android,MyoMinA08216511,,,
"â€œA â€˜Greaseâ€™ duet only seemed appropriate this week,â€ the Mississippi news anchor wrote.  https://t.co/onfGk7HNkA",2022-08-14T15:35:06+00:00,None,0,0,0,0,,True Anthem,SLOTribune,,,
@libsoftiktok @TaylerUSA @BostonChildrens Bad news if your only sibling is of the opposite sex and you just want someone to play with.,2022-08-14T15:35:06+00:00,None,0,0,0,0,,Twitter Web App,sabbathrest777,,,
@JustACTIONS @GHFilm @pandemicdoc @ByDavidFrance @VictorianCHO @enenbee @gerrimajella @ASA_Australia @dfat @AusIDNetwork @ausglobalhealth @PacificFriends @MCRI_for_kids @Fiona_M_Russell @UQ_News @CrabbBrendan Where did you get that number from?,2022-08-14T15:35:06+00:00,None,0,0,0,0,,Twitter Web App,milcotto,,,
"@realXanderXjork I donâ€™t think itâ€™s that complicated. They have a hold on 1/2 of America and can literally say whatever they want and pretend itâ€™s not newsâ€¦itâ€™s entertainment. Zero ethics, just about the money.",2022-08-14T15:35:05+00:00,None,0,0,0,0,,Twitter for iPhone,OrthoTraumaCO,,,
@sportbible Him after hearing the news https://t.co/CDkNiECpdI,2022-08-14T15:35:05+00:00,None,13,0,0,0,,Twitter for iPhone,FDJUTD_,,,
Obi-dents family just remain focused....Keep preaching the good news and Logo sensitization.....Aso Rock awaits Obi.,2022-08-14T15:35:05+00:00,None,0,0,0,0,,Twitter for Android,Sylver_Joe,Nigeria,NG,
@Foowd90 @tranniesfearme @dallonviklund @Wixyxb @POTUS The reason Musk won't buy twitter is the bots. Where were you when news came out half of biden supporters are bots? Average people love Trump. How do like 87.000 armed irs agents and not one of them to work on backlog. Now that's Pathetic. https://t.co/VlW73VFIAP,2022-08-14T15:35:05+00:00,None,0,0,1,0,,Twitter Web App,IG65243777,,,
"NEWS LIVE TOUR 2022ï½¢éŸ³æ¥½ï½£ã®ãŠè­²ã‚Šå…ˆã‚’æ¢ã—ã¦ã„ã¾ã™ã€‚
ã€æ—¥ç¨‹ã€‘åŒ—æµ·é“ 8/28 17:30ï½
ã€æšæ•°ã€‘2é€£ FCç¬¬1å¸Œæœ›å½“é¸ é‡è¤‡ã€ã™ã‚Šæ›¿ãˆãªã—
ã€ä¾¡æ ¼ã€‘å®šä¾¡â•æ‰‹æ•°æ–™
QRã”ã¨ã®ãŠè­²ã‚Šã«ãªã‚Šã¾ã™ã€‚
å‹é”ã®ä»£è¡Œã§ãŠè­²ã‚Šå…ˆã‚’æ¢ã—ã¦ãŠã‚Šã¾ã™ã®ã§ãŠå¿ƒã‚ãŸã‚Šã®ã‚ã‚‹æ–¹ã¯ãƒªãƒ—ãƒ©ã‚¤ãŠé¡˜ã„è‡´ã—ã¾ã™ã€‚
 #NEWSãƒã‚±ãƒƒãƒˆã®è¼ª",2022-08-14T15:35:05+00:00,['NEWSãƒã‚±ãƒƒãƒˆã®è¼ª'],0,0,0,0,,Twitter for Android,728_naniwa_0109,,,
Rotational Ripple: Projecting OKC Thunder Center Minutes â€“ NBA News https://t.co/95H9mmedzl,2022-08-14T15:35:04+00:00,None,0,0,0,0,,dlvr.it,sportsnews2022,,,
@AnshKum76397911 @Swamy39 @ashwani_iitr @namokaul @PhysicswallahAP @MauryaSaurabh3 @mohittyagi @EduNitiByMG @jagdishshetty It's  a fake news bro.,2022-08-14T15:35:04+00:00,None,0,0,0,0,,Twitter for Android,Shekhar00558616,,,
"#æ­¦ç”°é‰„çŸ¢ ã•ã‚“ã¨ã®ã‚¨ãƒ”ã‚½ãƒ¼ãƒ‰ã‚’ä¸å¯§ã«å¿ƒè¾¼ã‚ã¦èªã£ã¦ãã‚Œã‚‹ã¾ã£ã™ãƒ¼ğŸ’›é•·å¹´ã«æ¸¡ã‚‹é–¢ä¿‚æ€§ã‚„å¤§åˆ‡ã«ã—ã¦ã„ã‚‹æ°—æŒã¡ãŒæº¢ã‚Œã¦ã„ã¦ç´ æ•µâœ¨
#èµ°ã‚Œãƒ¡ãƒ­ã‚¹ã®ã‚ˆã†ã«
ç´ æ•µãªæ­Œè©ã« #ãƒ’ãƒ­ã‚¤ã‚ºãƒ  ã•ã‚“ã®ãƒ¡ãƒ­ãƒ‡ã‚£ğŸ¶
NEWSã‚‰ã—ã„åŠ›å¼·ãå„ªã—ã„ç´ æ•µãªæ¥½æ›²âœ¨
å¿ƒæ¸©ã¾ã‚‹ãŠè©±ã‚ã‚ŠãŒã¨ã†ğŸ’›
#MASTERHITS
#å¢—ç”°è²´ä¹…
#NEWS_éŸ³æ¥½",2022-08-14T15:35:03+00:00,"['æ­¦ç”°é‰„çŸ¢', 'èµ°ã‚Œãƒ¡ãƒ­ã‚¹ã®ã‚ˆã†ã«', 'ãƒ’ãƒ­ã‚¤ã‚ºãƒ ', 'MASTERHITS', 'å¢—ç”°è²´ä¹…', 'NEWS_éŸ³æ¥½']",1,0,0,0,,Twitter for Android,mass74gumi,,,
æœ€å®¹æ˜“æ•é±¼çš„æ²³æµï¼ BBC News ä¸­æ–‡ #shorts https://t.co/A4oZZoGErJ,2022-08-14T15:35:03+00:00,['shorts'],0,0,0,0,,dlvr.it,MingJingNews,,,
Bill Russell-Jackie Robinson connection deepens with NBA's latest decision â€“ NBA News https://t.co/63VcdHJEvG,2022-08-14T15:35:03+00:00,None,0,0,0,0,,dlvr.it,sportsnews2022,,,
"@thedailybeast

I used to trust you to deliver actual news.

Now I see you as just another misogynistic shill for the bad men. https://t.co/lfOWcarxGJ",2022-08-14T15:35:03+00:00,None,0,0,0,0,,Twitter Web App,nasty_woman2,,,"@thedailybeast 126k views. 11k likes. Quote tweets and comments complimenting our VP.

Tell Scott the only thing thatâ€™s waning is his ability to write a legitimate article. https://t.co/czuZhvkjaW"
Horizon Chase celebrates seventh birthday with a brand new game mode and community-driven events https://t.co/1jNomCeXJE - Games News Now .,2022-08-14T15:35:03+00:00,None,0,0,0,0,,dlvr.it,EvertonFCNews21,,,
"#CHETOT

Chelsea vs. Tottenham live stream: Premier League TV channel, how to watch online, start time, news, odds

ğŸ”—Live LINKğŸ‘‰ https://t.co/97KvaHfvmQ

ğŸ¥LIVE LINKğŸ‘‰ https://t.co/97KvaHfvmQ

Tottenham vs Chelsea Live | Updates 2022
ğŸ”´ğŸ…»ğŸ…¸ğŸ†…ğŸ…´á´´á´°

setwet",2022-08-14T15:35:03+00:00,['CHETOT'],0,0,0,0,,Twitter Web App,FootballLiveS18,,,
"Nathan Rourke throws for 488 yards, leads Lions to a comeback win over the Stampeders

#Nathan | #Rourke | #Throws | #Yards

Breaking News
ğŸ‘‰ https://t.co/ETjAATlHy7 https://t.co/HaZ5uRymNl",2022-08-14T15:35:02+00:00,"['Nathan', 'Rourke', 'Throws', 'Yards']",0,0,0,0,,Muyani Earth,muyaniearth,,,
"@Amina10285662 @antiputler_news Ğ¢Ğ°Ğº Ğ² Ñ‚Ğ¾Ğ¼ Ğ¸ Ğ´ĞµĞ»Ğ¾, Ñ‡Ñ‚Ğ¾ ÑĞºĞ°Ğ¶ĞµÑ‚ Ğ·Ğ°Ğ±Ñ‹Ğ»Ğ¸ Ğ¿Ñ€Ğ¾ ĞšĞ°Ğ»Ğ¸Ğ½Ğ¸Ğ½Ğ³Ñ€Ğ°Ğ´, Ñ…Ğ¾Ñ‚Ñ Ñƒ Ğ½ĞµĞ³Ğ¾ ĞµÑÑ‚ÑŒ Ğ²Ñ‹Ñ…Ğ¾Ğ´ Ğ² Ğ‘Ğ°Ğ»Ñ‚Ğ¸Ğ¹ÑĞºĞ¾Ğµ Ğ¼Ğ¾Ñ€Ğµ.

Ğ¢Ğ°Ğº Ñ‡Ñ‚Ğ¾, Ğ‘Ğ°Ğ»Ñ‚Ğ¸Ğ¹ÑĞºĞ¾Ğµ Ğ²Ğ½ÑƒÑ‚Ñ€ĞµĞ½Ğ½Ğ¸Ğ¼ Ğ¼Ğ¾Ñ€ĞµĞ¼ Ğ½Ğ¸ĞºĞ°Ğº Ğ½Ğµ Ğ¿Ğ¾Ğ»ÑƒÑ‡Ğ¸Ñ‚ÑÑ Ğ¾Ñ„Ğ¾Ñ€Ğ¼Ğ¸Ñ‚ÑŒ.",2022-08-14T15:35:02+00:00,None,0,0,1,0,,Twitter for iPhone,Jouhmur,,,
@AndreaChristen3 Moving up News Conference to 5:15. Enjoy!,2022-08-14T15:35:02+00:00,None,0,0,0,0,,Greatest Poster of All Time,GPOATUS,,,
"@TheCitizen_News He also denied the loss of R120m which he &amp; his wife took from 20,000 clothing workers SACTWU and lost it in some hair brain untested investment. Deny, deny and lie thats ANC and Commie way.",2022-08-14T15:35:02+00:00,None,1,0,0,0,,Twitter Web App,ducatisl2,,,
"POTTS OFFICE!

Big news as @Euan_Potts returns to the club! Last seasonâ€™s top scorer brings guaranteed goals &amp; is a huge threat in the final third of the pitch!

#utf https://t.co/4XefEx40MI",2022-08-14T15:35:02+00:00,['utf'],3,0,1,0,,Twitter for iPhone,NwclChemfica,,,
"@Summerawaits @NickAdamsinUSA No there is no Patriots left in GOP, but we have heard about one working in Trumps Golfclub.
He did deliver vital news to FBI about
hidden Documents Trump had stored in his basement.",2022-08-14T15:35:02+00:00,None,0,0,0,0,,Twitter Web App,Landstad71,,,
Lakers News: LeBron James' Former Teammate Says LBJ Isn't a LA Great Quite Yet â€“ NBA News https://t.co/qX6okNEX5V,2022-08-14T15:35:02+00:00,None,0,0,0,0,,dlvr.it,sportsnews2022,,,
BREAKING NEWS: looking at anime has been legalised,2022-08-14T15:35:02+00:00,None,0,0,0,0,,"Cheap Bots, Done Quick!",mallowbot,,,
"#NEWS Livevideo 8/14 24æ™‚éã
STORY  1,016,565
ç”Ÿãã‚  1,208,779
ã‚¨ã‚¹      855,274",2022-08-14T15:35:02+00:00,['NEWS'],0,0,1,0,,Twitter for Android,skyandlight,,,
BREAKING NEWS! Score Free Vacations on FACEBOOK MARKETPLACE!? INSTANTLY!,2022-08-14T15:35:01+00:00,None,0,0,0,0,,"Cheap Bots, Done Quick!",BURNERA56462776,,,
"https://t.co/r9OhAbijeD

*TV20 NEWS || à¤ªà¥à¤²à¤¿à¤¸ à¤²à¤¾à¤‡à¤¨ à¤®à¥‡à¤‚ à¤¸à¥‡à¤µà¤¾à¤¨à¤¿à¤µà¥ƒà¤¤à¥à¤¤ à¤ªà¥à¤²à¤¿à¤¸ à¤…à¤§à¤¿à¤•à¤¾à¤°à¥€ à¤•à¤°à¥à¤®à¤šà¤¾à¤°à¤¿à¤¯à¥‹à¤‚ à¤¤à¤¥à¤¾ 75 à¤…à¤šà¥à¤›à¥‡ à¤•à¤¾à¤°à¥à¤¯ à¤•à¤°à¤¨à¥‡ à¤µà¤¾à¤²à¥‡ à¤œà¤µà¤¾à¤¨à¥‹à¤‚ à¤•à¤¾ à¤•à¤¿à¤¯à¤¾ à¤—à¤¯à¤¾ à¤¸à¤®à¥à¤®à¤¾à¤¨*",2022-08-14T15:35:01+00:00,None,0,0,0,0,,Twitter for Android,AshokVe37302568,,,
breaking news: kupid loves women,2022-08-14T15:35:01+00:00,None,1,0,0,0,,Twitter Web App,kupidxrae,,,
"@dftromba1 @novasinfonian @realDailyWire Sure they are. Arguments you do not like.
You think I should go through a complete narrative to explain all the fake news?",2022-08-14T15:35:01+00:00,None,0,0,1,0,,Twitter for iPad,Julesmerch,,,
"Analyst has given $MIDD Strong Buy Rating. Get an in depth analysis of companies with Invescent  https://t.co/kGOgnrBx00
#stockmarket #stocks #stock #trading #market #news #investing #today #daytrading #investing #analysis",2022-08-14T15:35:01+00:00,"['stockmarket', 'stocks', 'stock', 'trading', 'market', 'news', 'investing', 'today', 'daytrading', 'investing', 'analysis']",0,0,0,0,,Invescent,invescent,,,
"@EconomicTimes 3 decades ago a news magazine published these pistals/revolvers are sold for rs 20 and large guns are sold for 1000 in the neighbouring country.
Its terror mandli or smuggle mandli who buy n sell?",2022-08-14T15:35:00+00:00,None,0,0,0,0,,Twitter Web App,Prabhak47652833,,,
"#CHETOT

Chelsea vs. Tottenham live stream: Premier League TV channel, how to watch online, start time, news, odds

ğŸ”—Live LINKğŸ‘‰ https://t.co/97KvaHfvmQ

ğŸ¥LIVE LINKğŸ‘‰ https://t.co/97KvaHfvmQ

Tottenham vs Chelsea Live | Updates 2022
ğŸ”´ğŸ…»ğŸ…¸ğŸ†…ğŸ…´á´´á´°

sewt",2022-08-14T15:35:00+00:00,['CHETOT'],0,0,0,0,,Twitter Web App,FootballLiveS18,,,